{"stat.drop.minecraft.stone_pickaxe":1,"stat.useItem.exnihilocreatio.hammer_gold":64,"stat.leaveGame":6,"stat.mineBlock.minecraft.cobblestone":1081,"stat.pickup.minecraft.flint":80,"stat.pickup.forestry.resources":5,"stat.craftItem.extrautils2.compressedcobblestone":3,"stat.mineBlock.extrautils2.compressedcobblestone":3,"stat.swimOneCm":4035,"stat.useItem.minecraft.planks":5,"stat.drop.minecraft.cobblestone":8,"stat.pickup.minecraft.glowstone_dust":4,"stat.pickup.minecraft.blaze_powder":6,"stat.useItem.minecraft.dirt":36,"stat.useItem.minecraft.stone_slab2":81,"stat.useItem.minecraft.water_bucket":7,"stat.pickup.exnihilocreatio.block_dust":148,"stat.pickup.minecraft.sand":78,"stat.craftItem.minecraft.furnace":3,"stat.craftItem.minecraft.stone_axe":1,"stat.mineBlock.extrautils2.teleporter":1,"stat.useItem.minecraft.iron_ore":2,"stat.craftItem.minecraft.stone_pickaxe":4,"stat.mineBlock.minecraft.obsidian":1,"stat.pickup.minecraft.cobblestone":301,"stat.useItem.exnihilocreatio.hammer_stone":384,"stat.mineBlock.exnihilocreatio.block_infested_leaves":29,"stat.flyOneCm":47924,"stat.mineBlock.minecraft.sand":77,"stat.craftItem.ic2.ingot":15,"stat.craftItem.minecraft.wooden_slab":6,"stat.pickup.exnihilocreatio.item_ore_copper":57,"stat.pickup.extrautils2.compressedgravel":1,"stat.pickup.minecraft.redstone":16,"stat.mineBlock.minecraft.iron_ore":26,"stat.useItem.exnihilocreatio.item_material":1,"stat.timeSinceDeath":26974,"stat.drop.minecraft.log":4,"stat.drop.minecraft.diamond":1,"stat.craftItem.minecraft.wooden_pickaxe":2,"stat.drop.minecraft.gravel":1,"stat.furnaceInteraction":73,"stat.pickup.exnihilocreatio.item_ore_uranium":17,"stat.craftItem.projecte.item.pe_philosophers_stone":1,"stat.mineBlock.minecraft.coal_ore":18,"stat.pickup.minecraft.string":45,"stat.craftItem.exnihilocreatio.hammer_stone":3,"stat.craftItem.minecraft.stone_slab2":0,"stat.craftItem.tconstruct.stone_stick":4,"stat.pickup.exnihilocreatio.item_ore_iron":78,"stat.craftItem.tconstruct.tooltables":1,"stat.sprintOneCm":54185,"stat.mineBlock.minecraft.stone_slab":2,"stat.craftItem.minecraft.stick":76,"stat.craftItem.minecraft.wooden_axe":1,"stat.entityKilledBy.DesertSpider":1,"stat.pickup.ic2.resource":17,"stat.useItem.minecraft.stone_slab":42,"stat.pickup.extrautils2.teleporter":1,"stat.useItem.minecraft.ice":1,"stat.pickup.exnihilocreatio.item_material":27,"stat.craftItem.exnihilocreatio.hammer_iron":2,"stat.mineBlock.minecraft.crafting_table":1,"stat.useItem.minecraft.diamond_pickaxe":116,"stat.pickup.forestry.bee_princess_ge":2,"stat.useItem.minecraft.dye":1,"stat.deaths":11,"stat.drop":21,"stat.playOneMinute":265884,"stat.craftItem.minecraft.diamond_pickaxe":1,"stat.craftItem.minecraft.dye":3,"stat.craftItem.exnihilocreatio.item_ore_copper":14,"stat.drop.minecraft.iron_ingot":1,"stat.diveOneCm":16860,"stat.useItem.exnihilocreatio.crook_wood":278,"stat.chestOpened":65,"stat.pickup.minecraft.gravel":851,"stat.mineBlock.minecraft.ice":3,"stat.pickup.extrautils2.compressedcobblestone":3,"stat.useItem.minecraft.apple":3,"stat.mineBlock.exnihilocreatio.block_infesting_leaves":6,"stat.pickup.minecraft.obsidian":1,"stat.useItem.exnihilocreatio.block_dust":1,"stat.pickup.exnihilocreatio.item_ore_tin":1,"stat.craftItem.exnihilocreatio.hammer_gold":1,"stat.jump":797,"stat.useItem.minecraft.sand":70,"stat.pickup.minecraft.coal":54,"stat.fallOneCm":22500,"stat.useItem.minecraft.stone_axe":24,"stat.useItem.projecte.item.pe_philosophers_stone":13,"stat.crouchOneCm":60995,"stat.craftItem.minecraft.diamond":1,"stat.craftItem.minecraft.iron_ingot":18,"stat.craftItem.minecraft.torch":52,"stat.craftItem.minecraft.chest":2,"stat.pickup.minecraft.dirt":53,"stat.craftingTableInteraction":87,"stat.pickup.minecraft.iron_ore":23,"stat.useItem.minecraft.sapling":7,"stat.mineBlock.ic2.resource":17,"stat.craftItem.exnihilocreatio.item_ore_iron":19,"stat.damageTaken":3154,"stat.craftItem.exnihilocreatio.item_ore_uranium":4,"stat.mineBlock.minecraft.torch":11,"stat.useItem.minecraft.wooden_pickaxe":60,"stat.useItem.minecraft.reeds":2,"stat.useItem.minecraft.furnace":1,"stat.pickup.minecraft.dye":25,"stat.pickup.exnihilocreatio.item_ore_gold":40,"stat.pickup.minecraft.planks":8,"stat.pickup.minecraft.reeds":9,"stat.mineBlock.minecraft.gravel":88,"stat.useItem.minecraft.stone_pickaxe":221,"stat.craftItem.exnihilocreatio.crook_wood":6,"stat.damageDealt":88,"stat.mineBlock.minecraft.dirt":57,"stat.craftItem.minecraft.gravel":9,"stat.pickup.exnihilocreatio.item_mesh":6,"stat.craftItem.minecraft.stone_slab":90,"stat.walkOneCm":244695,"stat.useItem.minecraft.torch":62,"stat.mineBlock.exnihilocreatio.block_dust":3,"stat.pickup.minecraft.crafting_table":1,"stat.useItem.minecraft.cobblestone":113,"stat.craftItem.minecraft.crafting_table":5,"stat.craftItem.extrautils2.compressedgravel":1,"stat.useItem.minecraft.gravel":80,"stat.useItem.minecraft.lava_bucket":2,"stat.useItem.exnihilocreatio.hammer_iron":546,"stat.pickup.minecraft.log":63,"stat.drop.ic2.ingot":1,"stat.craftItem.minecraft.gold_ingot":10,"stat.drop.minecraft.sapling":3,"stat.pickup.minecraft.sapling":55,"stat.pickup.minecraft.apple":10,"stat.drop.exnihilocreatio.hammer_iron":1,"stat.pickup.forestry.bee_drone_ge":4,"stat.craftItem.minecraft.bucket":1,"stat.craftItem.minecraft.planks":128,"stat.mineBlock.forestry.resources":5,"stat.craftItem.exnihilocreatio.block_barrel0":1,"stat.mineBlock.minecraft.log":62,"stat.craftItem.exnihilocreatio.item_ore_gold":10,"stat.pickup.minecraft.diamond":4,"stat.mineBlock.minecraft.leaves":288,"stat.pickup.minecraft.torch":14,"stat.sneakTime":29012,"stat.pickup.exnihilocreatio.block_sieve":1,"stat.mineBlock.extrautils2.compressedgravel":1,"stat.useItem.minecraft.wooden_axe":30,"stat.pickup.minecraft.stone_slab":1,"stat.craftItem.exnihilocreatio.item_mesh":4,"stat.mineBlock.exnihilocreatio.block_sieve":1,"stat.craftItem.minecraft.cobblestone":27,"stat.mineBlock.minecraft.stone":86}