{"stat.chestOpened":26,"stat.pickup.minecraft.sign":3,"stat.leaveGame":16,"stat.pickup.minecraft.gravel":162,"stat.mineBlock.minecraft.cobblestone":126,"stat.jump":1092,"stat.swimOneCm":2289,"stat.useItem.minecraft.sand":57,"stat.fallOneCm":27748,"stat.crouchOneCm":35544,"stat.mineBlock.minecraft.chest":4,"stat.pickup.minecraft.dirt":13,"stat.useItem.minecraft.dirt":2,"stat.useItem.minecraft.stone_slab2":35,"stat.craftingTableInteraction":3,"stat.pickup.exnihilocreatio.block_dust":88,"stat.pickup.minecraft.sand":74,"stat.pickup.exnihilocreatio.hammer_iron":1,"stat.damageTaken":2348,"stat.useItem.minecraft.wooden_pickaxe":11,"stat.pickup.minecraft.cobblestone":37,"stat.useItem.exnihilocreatio.hammer_stone":128,"stat.flyOneCm":166479,"stat.mineBlock.minecraft.sand":74,"stat.mineBlock.minecraft.gravel":73,"stat.useItem.minecraft.stone_pickaxe":22,"stat.damageDealt":312,"stat.timeSinceDeath":11935,"stat.mineBlock.minecraft.dirt":15,"stat.drop.minecraft.diamond":1,"stat.craftItem.minecraft.wooden_pickaxe":1,"stat.walkOneCm":473512,"stat.mineBlock.exnihilocreatio.block_dust":1,"stat.playerKills":1,"stat.useItem.minecraft.cobblestone":2,"stat.furnaceInteraction":11,"stat.drop.minecraft.gravel":28,"stat.useItem.minecraft.gravel":63,"stat.useItem.exnihilocreatio.hammer_iron":58,"stat.pickup.minecraft.log":12,"stat.craftItem.exnihilocreatio.hammer_stone":1,"stat.drop.minecraft.sapling":3,"stat.pickup.minecraft.sapling":4,"stat.sprintOneCm":53382,"stat.craftItem.minecraft.stick":8,"stat.useItem.exnihilocreatio.hammer_wood":62,"stat.craftItem.minecraft.planks":12,"stat.drop.exnihilocreatio.block_dust":87,"stat.craftItem.exnihilocreatio.hammer_wood":1,"stat.mineBlock.minecraft.log":6,"stat.deaths":6,"stat.drop":63,"stat.pickup.minecraft.diamond":1,"stat.mineBlock.minecraft.leaves":13,"stat.playOneMinute":248455,"stat.sneakTime":11028,"stat.mineBlock.minecraft.stone":11,"stat.diveOneCm":8816,"stat.pickup.minecraft.chest":4}