{"stat.chestOpened":9,"stat.pickup.minecraft.sign":1,"stat.leaveGame":8,"stat.mineBlock.minecraft.cobblestone":5,"stat.mineBlock.minecraft.ice":2,"stat.jump":188,"stat.swimOneCm":444,"stat.fallOneCm":3584,"stat.crouchOneCm":6350,"stat.mineBlock.minecraft.chest":1,"stat.pickup.minecraft.dirt":43,"stat.useItem.minecraft.dirt":16,"stat.useItem.minecraft.stone_slab2":4,"stat.craftingTableInteraction":2,"stat.pickup.minecraft.sand":3,"stat.damageTaken":680,"stat.mineBlock.minecraft.torch":1,"stat.useItem.minecraft.wooden_pickaxe":1,"stat.pickup.minecraft.cobblestone":5,"stat.flyOneCm":36861,"stat.mineBlock.minecraft.sand":3,"stat.useItem.minecraft.stone_pickaxe":4,"stat.damageDealt":15,"stat.timeSinceDeath":10453,"stat.mineBlock.minecraft.dirt":49,"stat.craftItem.minecraft.wooden_pickaxe":1,"stat.walkOneCm":31128,"stat.useItem.minecraft.torch":1,"stat.craftItem.minecraft.crafting_table":2,"stat.useItem.minecraft.lava_bucket":1,"stat.pickup.minecraft.log":16,"stat.pickup.minecraft.sapling":4,"stat.sprintOneCm":25540,"stat.pickup.minecraft.apple":2,"stat.craftItem.minecraft.stick":8,"stat.useItem.minecraft.ice":1,"stat.craftItem.minecraft.planks":40,"stat.useItem.minecraft.wooden_shovel":48,"stat.mineBlock.minecraft.log":17,"stat.deaths":3,"stat.mineBlock.minecraft.leaves":12,"stat.playOneMinute":41763,"stat.craftItem.minecraft.wooden_shovel":1,"stat.pickup.minecraft.torch":1,"stat.sneakTime":2390,"stat.pickup.minecraft.chest":1}