{"stat.chestOpened":7,"stat.walkOneCm":34117,"stat.leaveGame":2,"stat.mineBlock.minecraft.cobblestone":41,"stat.mineBlock.minecraft.ice":2,"stat.useItem.minecraft.cobblestone":1,"stat.craftItem.minecraft.crafting_table":2,"stat.furnaceInteraction":2,"stat.useItem.minecraft.lava_bucket":1,"stat.pickup.minecraft.log":6,"stat.jump":82,"stat.swimOneCm":1069,"stat.fallOneCm":209,"stat.pickup.minecraft.beef":1,"stat.pickup.minecraft.furnace":1,"stat.craftItem.minecraft.stone_slab2":0,"stat.drop.minecraft.sapling":5,"stat.crouchOneCm":4345,"stat.pickup.minecraft.sapling":12,"stat.craftItem.tconstruct.tooltables":2,"stat.pickup.minecraft.dirt":17,"stat.useItem.minecraft.dirt":5,"stat.sprintOneCm":1218,"stat.useItem.minecraft.stone_slab2":11,"stat.craftItem.minecraft.stick":12,"stat.useItem.minecraft.water_bucket":27,"stat.craftingTableInteraction":7,"stat.craftItem.minecraft.furnace":2,"stat.useItem.minecraft.ice":1,"stat.craftItem.minecraft.planks":24,"stat.craftItem.minecraft.stone":1,"stat.craftItem.tconstruct.pattern":4,"stat.damageTaken":180,"stat.pickup.minecraft.leather":2,"stat.craftItem.minecraft.stone_pickaxe":1,"stat.mineBlock.minecraft.furnace":1,"stat.useItem.minecraft.wooden_pickaxe":4,"stat.useItem.minecraft.furnace":1,"stat.pickup.minecraft.cobblestone":42,"stat.mineBlock.minecraft.sapling":4,"stat.mobKills":1,"stat.mineBlock.minecraft.log":6,"stat.flyOneCm":1810,"stat.drop":5,"stat.mineBlock.minecraft.leaves":2,"stat.playOneMinute":22917,"stat.useItem.minecraft.stone_pickaxe":55,"stat.craftItem.minecraft.wooden_slab":6,"stat.sneakTime":2047,"stat.craftItem.exnihilocreatio.crook_wood":1,"stat.damageDealt":100,"stat.timeSinceDeath":22917,"stat.killEntity.Cow":1,"stat.mineBlock.minecraft.dirt":18,"stat.craftItem.minecraft.wooden_pickaxe":1,"stat.mineBlock.minecraft.stone":9,"stat.useItem.minecraft.wooden_slab":2,"stat.diveOneCm":4474}