{"stat.chestOpened":4,"stat.pickup.ic2.ingot":1,"stat.pickup.minecraft.bone":1,"stat.pickup.minecraft.sign":1,"stat.leaveGame":3,"stat.pickup.minecraft.gravel":13,"stat.mineBlock.minecraft.cobblestone":242,"stat.mineBlock.minecraft.ice":2,"stat.pickup.minecraft.stone_pickaxe":2,"stat.pickup.minecraft.flint":3,"stat.pickup.extrautils2.compressedcobblestone":2,"stat.craftItem.extrautils2.compressedcobblestone":8,"stat.swimOneCm":7646,"stat.jump":364,"stat.useItem.minecraft.sand":2,"stat.fallOneCm":49830,"stat.pickup.minecraft.iron_ingot":2,"stat.useItem.minecraft.stone_axe":10,"stat.crouchOneCm":20195,"stat.mineBlock.minecraft.chest":2,"stat.useItem.minecraft.dirt":58,"stat.pickup.minecraft.dirt":79,"stat.pickup.minecraft.red_mushroom":1,"stat.useItem.minecraft.stone_slab2":26,"stat.pickup.minecraft.melon":1,"stat.useItem.minecraft.water_bucket":9,"stat.craftingTableInteraction":24,"stat.pickup.minecraft.iron_ore":3,"stat.pickup.exnihilocreatio.block_dust":4,"stat.pickup.minecraft.sand":7,"stat.useItem.minecraft.sapling":1,"stat.drop.extrautils2.compressedcobblestone":1,"stat.craftItem.minecraft.stone_axe":1,"stat.mineBlock.extrautils2.teleporter":1,"stat.damageTaken":7040,"stat.craftItem.minecraft.stone_pickaxe":1,"stat.mineBlock.minecraft.torch":14,"stat.useItem.minecraft.wooden_pickaxe":68,"stat.mineBlock.minecraft.sapling":1,"stat.pickup.minecraft.cobblestone":228,"stat.pickup.minecraft.planks":14,"stat.pickup.minecraft.reeds":2,"stat.useItem.minecraft.stone_shovel":1,"stat.useItem.exnihilocreatio.hammer_stone":19,"stat.flyOneCm":23587,"stat.pickup.minecraft.brown_mushroom":1,"stat.mineBlock.minecraft.sand":7,"stat.mineBlock.minecraft.gravel":2,"stat.useItem.minecraft.stone_pickaxe":182,"stat.craftItem.minecraft.wooden_slab":6,"stat.pickup.minecraft.cactus":1,"stat.craftItem.exnihilocreatio.crook_wood":1,"stat.damageDealt":461,"stat.timeSinceDeath":589,"stat.pickup.minecraft.ice":2,"stat.mineBlock.minecraft.dirt":85,"stat.craftItem.minecraft.wooden_pickaxe":2,"stat.craftItem.minecraft.stone_slab":72,"stat.craftItem.minecraft.stone_shovel":1,"stat.walkOneCm":128137,"stat.useItem.minecraft.torch":9,"stat.mineBlock.exnihilocreatio.block_dust":1,"stat.pickup.minecraft.stick":2,"stat.pickup.minecraft.crafting_table":3,"stat.useItem.minecraft.log":1,"stat.craftItem.extrautils2.teleporter":1,"stat.useItem.minecraft.cobblestone":1,"stat.craftItem.minecraft.crafting_table":2,"stat.furnaceInteraction":2,"stat.useItem.minecraft.lava_bucket":1,"stat.craftItem.minecraft.stone_hoe":1,"stat.pickup.minecraft.log":21,"stat.pickup.minecraft.string":1,"stat.craftItem.exnihilocreatio.block_sieve":1,"stat.craftItem.exnihilocreatio.hammer_stone":1,"stat.useItem.minecraft.milk_bucket":2,"stat.pickup.minecraft.sapling":14,"stat.sprintOneCm":41198,"stat.mineBlock.minecraft.stone_slab":1,"stat.pickup.minecraft.cooked_beef":1,"stat.craftItem.minecraft.stick":24,"stat.pickup.minecraft.gold_ingot":1,"stat.pickup.forestry.bee_drone_ge":1,"stat.useItem.minecraft.stone_slab":69,"stat.pickup.extrautils2.teleporter":1,"stat.useItem.minecraft.ice":1,"stat.pickup.exnihilocreatio.item_material":4,"stat.craftItem.minecraft.planks":68,"stat.entityKilledBy.HungrySpider":1,"stat.mineBlock.minecraft.crafting_table":1,"stat.craftItem.minecraft.dirt":4,"stat.pickup.minecraft.bread":1,"stat.pickup.minecraft.pumpkin_seeds":1,"stat.pickup.forestry.bee_princess_ge":2,"stat.drop.exnihilocreatio.block_dust":1,"stat.craftItem.exnihilocreatio.block_barrel0":1,"stat.mineBlock.minecraft.log":17,"stat.useItem.minecraft.dye":1,"stat.useItem.minecraft.stone_hoe":11,"stat.deaths":16,"stat.drop":2,"stat.mineBlock.minecraft.leaves":48,"stat.playOneMinute":130057,"stat.pickup.minecraft.torch":18,"stat.sneakTime":8127,"stat.pickup.minecraft.lava_bucket":1,"stat.craftItem.minecraft.dye":3,"stat.pickup.minecraft.stone_slab":1,"stat.mineBlock.minecraft.stone":7,"stat.diveOneCm":37043,"stat.pickup.minecraft.chest":2,"stat.pickup.minecraft.wheat":1,"stat.useItem.exnihilocreatio.crook_wood":40}