{"stat.chestOpened":69,"stat.drop.minecraft.ice":3,"stat.pickup.minecraft.bone":2,"stat.pickup.minecraft.sign":3,"stat.useItem.minecraft.iron_axe":7,"stat.leaveGame":3,"stat.mineBlock.minecraft.cobblestone":1793,"stat.mineBlock.minecraft.ice":10,"stat.drop.minecraft.red_mushroom":1,"stat.craftItem.minecraft.iron_axe":1,"stat.useItem.minecraft.apple":1,"stat.jump":3010,"stat.swimOneCm":12229,"stat.useItem.minecraft.sand":10,"stat.fallOneCm":121557,"stat.pickup.minecraft.enchanted_book":3,"stat.useItem.minecraft.planks":2,"stat.drop.minecraft.cobblestone":2,"stat.pickup.minecraft.gunpowder":3,"stat.crouchOneCm":26409,"stat.mineBlock.minecraft.chest":4,"stat.craftItem.minecraft.iron_ingot":3,"stat.drop.minecraft.melon":1,"stat.pickup.minecraft.dirt":141,"stat.useItem.minecraft.dirt":29,"stat.pickup.minecraft.red_mushroom":1,"stat.useItem.minecraft.stone_slab2":66,"stat.craftingTableInteraction":18,"stat.pickup.minecraft.iron_ore":3,"stat.pickup.minecraft.sand":20,"stat.craftItem.minecraft.furnace":1,"stat.entityKilledBy.GiantZombie":1,"stat.useItem.minecraft.sapling":6,"stat.damageTaken":5641,"stat.drop.minecraft.bone":2,"stat.craftItem.minecraft.stone_pickaxe":3,"stat.mineBlock.minecraft.torch":1,"stat.useItem.minecraft.reeds":1,"stat.useItem.minecraft.wooden_pickaxe":6,"stat.pickup.minecraft.monster_egg":1,"stat.pickup.minecraft.cobblestone":1268,"stat.pickup.minecraft.reeds":2,"stat.flyOneCm":539875,"stat.pickup.minecraft.brown_mushroom":1,"stat.mineBlock.minecraft.sand":11,"stat.craftItem.ic2.ingot":2,"stat.useItem.minecraft.stone_pickaxe":183,"stat.pickup.minecraft.cactus":6,"stat.craftItem.minecraft.iron_leggings":1,"stat.craftItem.minecraft.glass":1,"stat.damageDealt":720,"stat.mineBlock.minecraft.iron_ore":5,"stat.timeSinceDeath":23397,"stat.pickup.minecraft.ice":3,"stat.drop.minecraft.log":7,"stat.mineBlock.minecraft.dirt":126,"stat.useItem.minecraft.iron_pickaxe":71,"stat.drop.minecraft.reeds":1,"stat.craftItem.minecraft.wooden_pickaxe":1,"stat.craftItem.minecraft.iron_sword":1,"stat.craftItem.minecraft.stone_slab":114,"stat.walkOneCm":258199,"stat.playerKills":1,"stat.drop.minecraft.wheat":1,"stat.pickup.minecraft.crafting_table":3,"stat.useItem.minecraft.log":1,"stat.useItem.minecraft.cobblestone":38,"stat.furnaceInteraction":17,"stat.craftItem.minecraft.crafting_table":1,"stat.drop.minecraft.dirt":1,"stat.useItem.minecraft.lava_bucket":3,"stat.pickup.minecraft.log":24,"stat.drop.ic2.resource":1,"stat.drop.minecraft.cactus":1,"stat.craftItem.minecraft.stone_slab2":0,"stat.drop.minecraft.sapling":3,"stat.craftItem.minecraft.iron_chestplate":1,"stat.pickup.minecraft.sapling":31,"stat.sprintOneCm":250952,"stat.mineBlock.minecraft.stone_slab":11,"stat.pickup.minecraft.apple":1,"stat.craftItem.minecraft.stick":20,"stat.pickup.ic2.resource":6,"stat.drop.minecraft.pumpkin_seeds":1,"stat.useItem.minecraft.stone_slab":208,"stat.mineBlock.minecraft.cactus":1,"stat.craftItem.minecraft.bucket":1,"stat.craftItem.minecraft.planks":68,"stat.drop.minecraft.crafting_table":1,"stat.useItem.minecraft.diamond_pickaxe":1561,"stat.pickup.minecraft.pumpkin_seeds":1,"stat.drop.minecraft.lava_bucket":1,"stat.mobKills":3,"stat.mineBlock.minecraft.log":23,"stat.deaths":25,"stat.mineBlock.minecraft.planks":2,"stat.drop":31,"stat.mineBlock.minecraft.leaves":8,"stat.playOneMinute":376020,"stat.pickup.minecraft.torch":1,"stat.craftItem.minecraft.iron_pickaxe":1,"stat.sneakTime":7681,"stat.craftItem.minecraft.diamond_pickaxe":1,"stat.drop.minecraft.chest":1,"stat.drop.minecraft.bread":1,"stat.drop.minecraft.torch":2,"stat.pickup.minecraft.stone_slab":68,"stat.mineBlock.minecraft.stone":2,"stat.diveOneCm":15372,"stat.pickup.minecraft.chest":6}