{"stat.entityKilledBy.QueenGhast":1,"stat.leaveGame":12,"stat.craftItem.minecraft.iron_axe":1,"stat.craftItem.forestry.fertilizer_compound":520,"stat.pickup.forestry.resources":37,"stat.useItem.exnihilocreatio.block_netherrack_crushed":71,"stat.useItem.minecraft.planks":651,"stat.craftItem.minecraft.shield":1,"stat.mineBlock.minecraft.web":3,"stat.pickup.minecraft.glowstone_dust":102,"stat.useItem.minecraft.water_bucket":33,"stat.drop.minecraft.iron_sword":1,"stat.pickup.minecraft.rotten_flesh":19,"stat.pickup.exnihilocreatio.block_dust":8,"stat.mineBlock.minecraft.nether_brick_fence":1,"stat.pickup.minecraft.sand":140,"stat.killEntity.FighterGhast":1,"stat.pickup.enderio.item_broken_spawner":6,"stat.pickup.minecraft.brown_mushroom":4,"stat.mineBlock.minecraft.sand":5,"stat.craftItem.minecraft.wooden_hoe":1,"stat.useItem.minecraft.iron_pickaxe":895,"stat.craftItem.minecraft.wooden_pickaxe":3,"stat.pickup.minecraft.ghast_tear":1,"stat.furnaceInteraction":95,"stat.pickup.minecraft.nether_brick":66,"stat.mineBlock.exnihilocreatio.block_netherrack_crushed":20,"stat.pickup.projecte.item.pe_philosophers_stone":1,"stat.pickup.minecraft.beef":3,"stat.pickup.minecraft.furnace":2,"stat.useItem.minecraft.ice":2,"stat.killEntity.ToughSilverfish":1,"stat.craftItem.exnihilocreatio.hammer_iron":1,"stat.drop.minecraft.wooden_hoe":1,"stat.useItem.minecraft.flint_and_steel":2,"stat.useItem.minecraft.wheat_seeds":45,"stat.killEntity.GiantSpider":1,"stat.killEntity.PlagueZombie":2,"stat.pickup.minecraft.pumpkin_seeds":2,"stat.pickup.minecraft.saddle":1,"stat.useItem.minecraft.dye":1,"stat.mineBlock.minecraft.soul_sand":13,"stat.deaths":33,"stat.craftItem.projecte.transmutation_table":1,"stat.playOneMinute":344083,"stat.useItem.minecraft.nether_brick":45,"stat.craftItem.minecraft.iron_pickaxe":5,"stat.mineBlock.minecraft.tallgrass":17,"stat.pickup.minecraft.netherrack":179,"stat.chestOpened":130,"stat.pickup.botania.mushroom":2,"stat.mineBlock.minecraft.netherrack":258,"stat.pickup.minecraft.iron_sword":1,"stat.pickup.minecraft.arrow":10,"stat.mineBlock.minecraft.ice":5,"stat.killEntity.GatlingSkeleton":1,"stat.pickup.extrautils2.compressedcobblestone":4,"stat.pickup.minecraft.gold_nugget":1,"stat.craftItem.minecraft.coal":26,"stat.mineBlock.botania.mushroom":1,"stat.drop.minecraft.iron_pickaxe":1,"stat.pickup.forestry.fertilizer_compound":64,"stat.fallOneCm":261734,"stat.crouchOneCm":89092,"stat.mineBlock.minecraft.chest":1,"stat.craftItem.minecraft.chest":1,"stat.craftItem.minecraft.iron_ingot":121,"stat.useItem.forestry.fertilizer_compound":511,"stat.pickup.minecraft.red_mushroom":1,"stat.pickup.minecraft.melon":1,"stat.craftingTableInteraction":91,"stat.pickup.minecraft.nether_brick_fence":1,"stat.mineBlock.ic2.resource":58,"stat.pickup.minecraft.wooden_pickaxe":2,"stat.useItem.minecraft.furnace":1,"stat.pickup.minecraft.dye":24,"stat.pickup.minecraft.planks":80,"stat.pickup.minecraft.wheat_seeds":183,"stat.mineBlock.minecraft.gravel":148,"stat.useItem.minecraft.stone_pickaxe":576,"stat.craftItem.minecraft.iron_leggings":1,"stat.pickup.minecraft.ice":2,"stat.mineBlock.minecraft.dirt":84,"stat.drop.minecraft.reeds":4,"stat.drop.minecraft.iron_axe":1,"stat.mineBlock.minecraft.monster_egg":1,"stat.pickup.minecraft.flint_and_steel":1,"stat.useItem.minecraft.torch":292,"stat.useItem.minecraft.bread":50,"stat.mineBlock.exnihilocreatio.block_dust":2,"stat.drop.minecraft.rotten_flesh":1,"stat.pickup.minecraft.crafting_table":3,"stat.useItem.minecraft.cobblestone":229,"stat.craftItem.minecraft.crafting_table":15,"stat.useItem.minecraft.gravel":137,"stat.pickup.minecraft.log":174,"stat.pickup.minecraft.iron_pickaxe":1,"stat.craftItem.projecte.item.pe_fuel":8,"stat.drop.minecraft.planks":8,"stat.pickup.minecraft.sapling":42,"stat.pickup.minecraft.apple":2,"stat.entityKilledBy.InfernoBlaze":1,"stat.craftItem.minecraft.planks":1244,"stat.useItem.minecraft.iron_sword":108,"stat.entityKilledBy.HungryPigZombie":1,"stat.mineBlock.minecraft.log":164,"stat.pickup.minecraft.golden_sword":1,"stat.killEntity.FireZombie":3,"stat.pickup.minecraft.red_flower":1,"stat.sneakTime":37001,"stat.drop.botania.mushroom":1,"stat.pickup.minecraft.stone_slab":43,"stat.pickup.minecraft.chest":5,"stat.drop.minecraft.stone_pickaxe":1,"stat.pickup.minecraft.bone":15,"stat.useItem.minecraft.iron_axe":203,"stat.mineBlock.minecraft.cobblestone":619,"stat.pickup.minecraft.stone_pickaxe":2,"stat.pickup.minecraft.flint":2,"stat.mineBlock.minecraft.brown_mushroom":1,"stat.useItem.minecraft.diamond_sword":79,"stat.craftItem.extrautils2.compressedcobblestone":16,"stat.swimOneCm":82370,"stat.entityKilledBy.UnholyGhast":2,"stat.useItem.minecraft.obsidian":14,"stat.useItem.minecraft.dirt":93,"stat.useItem.minecraft.stone_slab2":127,"stat.craftItem.minecraft.furnace":4,"stat.craftItem.minecraft.iron_boots":1,"stat.craftItem.minecraft.stone_pickaxe":6,"stat.craftItem.minecraft.cooked_beef":1,"stat.entityKilledBy.EmberBlaze":1,"stat.mineBlock.minecraft.obsidian":17,"stat.pickup.minecraft.cobblestone":1143,"stat.mineBlock.projecte.transmutation_table":1,"stat.useItem.exnihilocreatio.hammer_stone":57,"stat.flyOneCm":533328,"stat.pickup.minecraft.soul_sand":12,"stat.craftItem.ic2.ingot":24,"stat.drop.minecraft.wheat_seeds":20,"stat.craftItem.minecraft.wooden_slab":12,"stat.useItem.minecraft.cooked_beef":1,"stat.pickup.minecraft.cactus":3,"stat.pickup.minecraft.redstone":22,"stat.mineBlock.minecraft.iron_ore":134,"stat.timeSinceDeath":7382,"stat.useItem.minecraft.wooden_slab":10,"stat.pickup.minecraft.nether_wart":3,"stat.killEntity.FireSkeleton":1,"stat.craftItem.projecte.item.pe_philosophers_stone":2,"stat.mineBlock.minecraft.coal_ore":111,"stat.mineBlock.minecraft.nether_brick":69,"stat.pickup.extrautils2.ingredients":1,"stat.pickup.minecraft.string":8,"stat.craftItem.exnihilocreatio.hammer_stone":1,"stat.craftItem.minecraft.stone_slab2":0,"stat.sprintOneCm":219811,"stat.mineBlock.minecraft.stone_slab":58,"stat.craftItem.minecraft.stick":144,"stat.pickup.ic2.resource":86,"stat.useItem.minecraft.stone_slab":562,"stat.pickup.exnihilocreatio.block_netherrack_crushed":84,"stat.craftItem.minecraft.stone":4,"stat.mineBlock.minecraft.diamond_ore":4,"stat.useItem.minecraft.diamond_pickaxe":344,"stat.mineBlock.minecraft.planks":41,"stat.drop":22,"stat.killEntity.SpitfireSkeleton":1,"stat.craftItem.minecraft.diamond_pickaxe":1,"stat.useItem.forestry.resources":15,"stat.craftItem.minecraft.dye":4,"stat.pickup.minecraft.snowball":2,"stat.drop.minecraft.bread":1,"stat.craftItem.minecraft.diamond_axe":1,"stat.pickup.minecraft.fire_charge":3,"stat.diveOneCm":106747,"stat.drop.minecraft.diamond_pickaxe":1,"stat.pickup.minecraft.wheat":221,"stat.entityKilledBy.SniperSkeleton":1,"stat.pickup.minecraft.sign":4,"stat.pickup.minecraft.gravel":141,"stat.useItem.minecraft.diamond_axe":39,"stat.useItem.minecraft.apple":1,"stat.pickup.minecraft.obsidian":16,"stat.useItem.exnihilocreatio.block_dust":1,"stat.useItem.minecraft.rotten_flesh":3,"stat.craftItem.minecraft.diamond_sword":1,"stat.jump":4819,"stat.useItem.minecraft.sand":2,"stat.useItem.minecraft.wooden_hoe":47,"stat.pickup.minecraft.coal":118,"stat.pickup.minecraft.iron_ingot":11,"stat.useItem.projecte.item.pe_philosophers_stone":11,"stat.craftItem.minecraft.bread":61,"stat.pickup.minecraft.gunpowder":8,"stat.craftItem.minecraft.torch":240,"stat.pickup.minecraft.dirt":161,"stat.craftItem.minecraft.iron_helmet":1,"stat.pickup.minecraft.iron_ore":172,"stat.entityKilledBy.FireSkeleton":1,"stat.useItem.minecraft.sapling":8,"stat.mineBlock.minecraft.lapis_ore":4,"stat.craftItem.minecraft.flint_and_steel":1,"stat.pickup.minecraft.leaves":14,"stat.pickup.minecraft.iron_axe":1,"stat.damageTaken":14022,"stat.pickup.minecraft.leather":2,"stat.killEntity.PoisonSpider":1,"stat.mineBlock.minecraft.torch":70,"stat.mineBlock.minecraft.furnace":1,"stat.useItem.minecraft.wooden_pickaxe":68,"stat.mineBlock.minecraft.sapling":1,"stat.pickup.minecraft.reeds":9,"stat.killEntity.KnightSkeleton":1,"stat.pickup.minecraft.diamond_axe":1,"stat.damageDealt":11825,"stat.useItem.ic2.resource":1,"stat.craftItem.minecraft.iron_sword":1,"stat.craftItem.minecraft.stone_slab":618,"stat.walkOneCm":403624,"stat.pickup.minecraft.stick":2,"stat.pickup.minecraft.diamond_pickaxe":1,"stat.craftItem.extrautils2.teleporter":2,"stat.useItem.minecraft.tnt":84,"stat.useItem.minecraft.lava_bucket":18,"stat.useItem.exnihilocreatio.hammer_iron":338,"stat.pickup.minecraft.tnt":23,"stat.craftItem.minecraft.iron_chestplate":1,"stat.killEntity.GiantZombie":2,"stat.pickup.projecte.transmutation_table":1,"stat.useItem.minecraft.leaves":6,"stat.pickup.minecraft.cooked_beef":1,"stat.useItem.minecraft.netherrack":220,"stat.pickup.forestry.apatite":432,"stat.killEntity.CinderBlaze":1,"stat.mineBlock.minecraft.tnt":27,"stat.drop.minecraft.crafting_table":1,"stat.pickup.minecraft.bread":2,"stat.mineBlock.minecraft.quartz_ore":13,"stat.craftItem.minecraft.tnt":6,"stat.mineBlock.forestry.resources":161,"stat.mineBlock.minecraft.glowstone":18,"stat.mobKills":34,"stat.craftItem.exnihilocreatio.block_barrel0":1,"stat.craftItem.minecraft.shears":1,"stat.pickup.minecraft.quartz":9,"stat.entityKilledBy.CinderBlaze":2,"stat.pickup.minecraft.water_bucket":2,"stat.pickup.minecraft.diamond":5,"stat.mineBlock.minecraft.leaves":129,"stat.pickup.minecraft.torch":93,"stat.mineBlock.minecraft.redstone_ore":12,"stat.pickup.minecraft.lava_bucket":1,"stat.mineBlock.minecraft.stone":443}